{"cameraMode":{"drawMode":0,"name":"Shaded","section":"Shading Mode"},"sceneLighting":true,"audioPlay":false,"sceneViewState":{"m_AlwaysRefresh":false,"showFog":true,"showSkybox":true,"showFlares":true,"showImageEffects":true,"showParticleSystems":true,"showVisualEffectGraphs":true,"m_FxEnabled":true},"in2DMode":false,"pivot":{"x":18.652019500732423,"y":0.6728634834289551,"z":7.53842306137085},"rotation":{"x":-0.05390279367566109,"y":-0.05089298263192177,"z":0.002801409224048257,"w":-0.9972853660583496},"size":2.1339950561523439,"orthographic":true}